Destination,Region,Country,Category,Latitude,Longitude,Approximate Annual Tourists,Currency,Majority Religion,Famous Foods,Language,Best Time to Visit,Cost of Living,Safety,Cultural Significance,Description,tourism_type,culture_tags,category_clean,season_tag
Rome,Lazio,Italy,City,41.902782,12.496366,14 million,Euro,Roman Catholic,"Pizza, Pasta, Gelato",Italian,Spring (April-May) or Fall (Sept-Oct),Medium-high,"Generally safe, but watch out for pickpockets","The capital city, known for its historical landmarks like the Colosseum, Vatican City, and Pantheon.","A hub of ancient history and modern culture, with rich traditions, art, and landmarks.",touristy,"capital city, historic, landmarks",city,spring
Florence,Tuscany,Italy,City,43.769581,11.255772,10 million,Euro,Roman Catholic,"Pizza, Pasta, Gelato",Italian,Spring (April-May) or Fall (Sept-Oct),Medium-high,"Generally safe, but watch out for pickpockets","A Renaissance city famous for its art, architecture, and historical significance.","Home to world-class museums, including the Uffizi Gallery and Michelangelo?s David.",moderate,historic,city,spring
Venice,Veneto,Italy,City,45.435559,12.336196,10 million,Euro,Roman Catholic,"Pizza, Pasta, Gelato",Italian,Spring (April-May) or Fall (Sept-Oct),Medium-high,"Generally safe, but watch out for pickpockets","A unique city built on canals, known for its gondolas, Piazza San Marco, and Doge's Palace.","An iconic city of water, renowned for romantic gondola rides and historic landmarks.",moderate,general tourism,city,spring
Milan,Lombardy,Italy,City,45.464643,9.18854,7 million,Euro,Roman Catholic,"Risotto, Ossobuco, Panettone",Italian,Spring (April-May) or Fall (Sept-Oct),High,"Generally safe, but watch out for pickpockets","A fashion capital known for its shopping, museums, and historical landmarks.","A modern city with an ancient soul, featuring La Scala and the Duomo di Milano.",moderate,"capital city, historic, landmarks",city,spring
Naples,Campania,Italy,City,40.85133,14.25472,5 million,Euro,Roman Catholic,"Pizza, Pasta, Cannoli",Italian,Spring (April-May) or Fall (Sept-Oct),Medium,"Generally safe, but be aware of pickpockets","A vibrant city known for its delicious food, historical sites, and stunning coastline.","Famous for pizza, Pompeii, and proximity to the Amalfi Coast.",moderate,historic,city,spring
Cinque Terre,Liguria,Italy,Coastal Town,44.131811,9.653342,3 million,Euro,Roman Catholic,"Seafood, Pesto",Italian,Spring (April-May) or Fall (Sept-Oct),Medium-high,"Generally safe, but be aware of crowds","A group of five colorful villages along the Italian Riviera, known for their stunning landscapes and hiking.",Scenic coastal towns connected by breathtaking hiking trails and beaches.,less touristy,general tourism,coastal town,spring
Amalfi Coast,Campania,Italy,Coastal Region,40.652843,14.495831,2 million,Euro,Roman Catholic,"Seafood, Limoncello",Italian,Spring (April-May) or Fall (Sept-Oct),Medium-high,"Generally safe, but be aware of crowds","A picturesque coastline with charming towns, stunning cliffs, and beautiful beaches.","Famous for its steep cliffs, coastal towns, and lemon groves, offering breathtaking views of the Mediterranean.",less touristy,"beaches, beaches",coastal region,spring
Pisa,Tuscany,Italy,City,43.715899,10.996557,1.5 million,Euro,Roman Catholic,"Pizza, Pasta, Gelato",Italian,Spring (April-May) or Fall (Sept-Oct),Medium,Generally safe,"Famous for its Leaning Tower, but also offers other historical attractions and beautiful scenery.","Known for the iconic Leaning Tower of Pisa, as well as its Romanesque architecture.",less touristy,historic,city,spring
Lake Como,Lombardy,Italy,Lake,45.831894,9.237083,1 million,Euro,Roman Catholic,"Seafood, Pasta",Italian,Spring (April-May) or Fall (Sept-Oct),Medium-high,Generally safe,"A beautiful lake surrounded by mountains, popular for boating, hiking, and relaxing.","A luxury retreat for the elite, featuring serene waters and mountain landscapes.",less touristy,general tourism,lake,spring
Verona,Veneto,Italy,City,45.439559,10.996557,1 million,Euro,Roman Catholic,"Pizza, Pasta, Risotto",Italian,Spring (April-May) or Fall (Sept-Oct),Medium,Generally safe,"A romantic city known for its Shakespearean connection, Arena di Verona, and beautiful architecture.","Famous for being the setting of ""Romeo and Juliet"" and its well-preserved Roman amphitheater.",less touristy,romantic,city,spring
Barcelona,Catalonia,Spain,City,41.385064,2.173135,12.7 million,Euro,Roman Catholic,"Paella, Tapas, Gazpacho",Spanish,Spring (April-May) or Fall (Sept-Oct),Medium-high,"Generally safe, but watch out for pickpockets","Known for its Gaudi architecture, beautiful beaches, and vibrant nightlife.","A city of stunning architecture, art, and vibrant culture. Famous for La Sagrada Familia and Park Gell.",touristy,"beaches, beaches, nightlife",city,spring
Madrid,Community of Madrid,Spain,City,40.416775,-3.70379,7 million,Euro,Roman Catholic,"Tapas, Tortilla Espa¤ola, Jam¢n Ibrico",Spanish,Spring (April-May) or Fall (Sept-Oct),Medium-high,"Generally safe, but be aware of pickpockets","The capital city, known for its world-class museums, lively atmosphere, and historical landmarks.","Home to the Prado Museum, Royal Palace, and rich Spanish history.",moderate,"capital city, historic, landmarks",city,spring
Seville,Andalusia,Spain,City,37.38908,-5.98398,3.5 million,Euro,Roman Catholic,"Tapas, Gazpacho, Flamenco",Spanish,Spring (April-May) or Fall (Sept-Oct),Medium,"Generally safe, but be aware of pickpockets","A historic city famous for its Moorish architecture, flamenco dancing, and vibrant festivals.","The heart of Andalusian culture, with stunning landmarks like the Alc zar and the Seville Cathedral.",less touristy,historic,city,spring
Valencia,Valencian Community,Spain,City,39.472925,-0.378464,2.5 million,Euro,Roman Catholic,"Paella, Horchata, Churros",Spanish,Spring (April-May) or Fall (Sept-Oct),Medium,"Generally safe, but be aware of pickpockets","A coastal city known for its City of Arts and Sciences complex, beautiful beaches, and delicious cuisine.","The birthplace of paella, with a mix of futuristic and historic architecture.",less touristy,"beaches, beaches",city,spring
Granada,Andalusia,Spain,City,37.187222,-3.60531,2 million,Euro,Roman Catholic,"Tapas, Gazpacho, Flamenco",Spanish,Spring (April-May) or Fall (Sept-Oct),Medium,"Generally safe, but be aware of pickpockets","A historic city famous for its Alhambra palace, Albaic¡n neighborhood, and vibrant nightlife.",Known for the magnificent Alhambra palace and stunning Moorish architecture.,less touristy,"historic, nightlife",city,spring
M laga,Andalusia,Spain,City,36.720161,-4.421234,2 million,Euro,Roman Catholic,"Tapas, Gazpacho, Espetos",Spanish,Spring (April-May) or Fall (Sept-Oct),Medium,"Generally safe, but be aware of pickpockets","A coastal city known for its beautiful beaches, historic center, and Picasso Museum.","Birthplace of Picasso, featuring stunning beaches and a lively port.",less touristy,"historic, beaches, beaches",city,spring
Bilbao,Basque Country,Spain,City,43.257158,-2.936487,1.5 million,Euro,Roman Catholic,"Pintxos, Bacalao al pil-pil",Spanish (and Basque),Spring (April-May) or Fall (Sept-Oct),Medium-high,Generally safe,"A modern city known for its Guggenheim Museum, vibrant atmosphere, and delicious pintxos.","An industrial city turned cultural hotspot, home to the iconic Guggenheim Museum.",less touristy,general tourism,city,spring
Ibiza,Balearic Islands,Spain,Island,38.901776,1.433135,8 million,Euro,Roman Catholic,"Paella, Tapas, Ensalada Rusa",Spanish,Summer (June-September),Medium-high,"Generally safe, but be aware of pickpockets","A popular island destination known for its beaches, nightlife, and electronic music scene.","World-famous for its beaches and nightclubs, a top destination for summer parties.",moderate,"beaches, beaches, island, nightlife",island,summer
Majorca,Balearic Islands,Spain,Island,39.363371,3.014272,12 million,Euro,Roman Catholic,"Paella, Ensalada Mallorquina, Sobrasada",Spanish,Spring (April-May) or Fall (Sept-Oct),Medium-high,"Generally safe, but be aware of pickpockets","A popular island destination known for its beautiful beaches, historical sites, and hiking trails.","A serene island getaway, with picturesque beaches, mountains, and historic sites like the Palma Cathedral.",touristy,"historic, beaches, beaches, island",island,spring
San Sebasti n,Basque Country,Spain,City,43.317915,-1.959563,1 million,Euro,Roman Catholic,"Pintxos, Bacalao al pil-pil",Spanish (and Basque),Spring (April-May) or Fall (Sept-Oct),Medium-high,Generally safe,"A coastal city known for its beautiful beaches, delicious pintxos, and vibrant atmosphere.","Renowned for its food scene, with pristine beaches and picturesque Old Town streets.",less touristy,"beaches, beaches",city,spring
Paris,?le-de-France,France,City,48.856614,2.352222,35-40 million,Euro,Roman Catholic,"Croissants, Baguettes, Cheese",French,Spring (April-May) or Fall (Sept-Oct),High,"Generally safe, but watch out for pickpockets","Home to iconic landmarks like the Eiffel Tower, Louvre Museum, and Notre-Dame Cathedral.","A city of art, fashion, and culture, featuring world-famous landmarks and museums.",moderate,landmarks,city,spring
Nice,Provence-Alpes-Cte d'Azur,France,Coastal City,43.703761,7.268731,4 million,Euro,Roman Catholic,"Nioise salad, Socca, Panisses",French,Spring (April-May) or Fall (Sept-Oct),Medium-high,"Generally safe, but be aware of pickpockets","Known for its beaches, Mediterranean climate, and vibrant nightlife.",A coastal gem with a beautiful Promenade des Anglais and stunning views of the French Riviera.,less touristy,"beaches, beaches, nightlife",coastal city,spring
Marseille,Provence-Alpes-Cte d'Azur,France,Coastal City,43.296168,5.370254,3.5 million,Euro,Roman Catholic,"Bouillabaisse, Aoli, Panisse",French,Spring (April-May) or Fall (Sept-Oct),Medium,"Generally safe, but be aware of pickpockets","The second-largest city in France, known for its historical Old Port, MuCEM museum, and Calanques park.","A city rich in history and culture, with a vibrant port and stunning coastal landscapes.",less touristy,historic,coastal city,spring
Lyon,Auvergne-Rhne-Alpes,France,City,45.764048,4.835656,2 million,Euro,Roman Catholic,"Quiche Lorraine, Lyonnaise salad, Canel",French,Spring (April-May) or Fall (Sept-Oct),Medium-high,"Generally safe, but be aware of pickpockets","A culinary capital with renowned restaurants, historic architecture, and the confluence of two rivers.","Famous for its gastronomy, vibrant old town, and Renaissance architecture.",less touristy,"capital city, historic",city,spring
Bordeaux,Nouvelle-Aquitaine,France,City,44.837789,-0.57918,1.5 million,Euro,Roman Catholic,"Canel, Cassoulet, Foie gras",French,Spring (April-May) or Fall (Sept-Oct),Medium-high,"Generally safe, but be aware of pickpockets","A city famous for its wine production, historic center, and Cit du Vin museum.","Renowned for its vineyards and wine, as well as its charming 18th-century architecture.",less touristy,historic,city,spring
Strasbourg,Grand Est,France,City,48.572935,7.751936,1 million,Euro,Roman Catholic,"Quiche Lorraine, Choucroute, Bredele",French (and German),Spring (April-May) or Fall (Sept-Oct),Medium-high,"Generally safe, but be aware of pickpockets","A charming city with a medieval Old Town, Gothic cathedral, and Christmas markets.","Located on the border with Germany, Strasbourg has a unique blend of French and German cultures.",less touristy,historic,city,spring
Cannes,Provence-Alpes-Cte d'Azur,France,Coastal City,43.542333,7.02427,"800,000",Euro,Roman Catholic,"Bouillabaisse, Aoli, Panisse",French,Spring (April-May) or Fall (Sept-Oct),High,"Generally safe, but be aware of pickpockets","A glamorous coastal city known for its film festival, luxury shopping, and beautiful beaches.","World-famous for the Cannes Film Festival, featuring stunning views of the Mediterranean Sea.",moderate,"beaches, beaches",coastal city,spring
Mont Saint-Michel,Normandy,France,Island,48.636111,-1.504444,3.5 million,Euro,Roman Catholic,"Seafood, Crepes",French,Spring (April-May) or Fall (Sept-Oct),Medium-high,Generally safe,"A UNESCO World Heritage Site, famous for its abbey perched on a tidal island.",A breathtaking medieval island commune with a stunning abbey and winding streets.,less touristy,"island, UNESCO heritage",island,spring
Loire Valley,Centre-Val de Loire,France,Region,47.6268,-0.9361,10 million (region-wide),Euro,Roman Catholic,"Croque-monsieur, French onion soup",French,Spring (April-May) or Fall (Sept-Oct),Medium,Generally safe,"A region known for its stunning chateaux, vineyards, and picturesque landscapes.","Known for its many chteaux and vineyards, a scenic getaway filled with history and beauty.",moderate,general tourism,region,spring
French Alps,Auvergne-Rhne-Alpes,France,Mountain Range,45.192308,6.619079,12 million (region-wide),Euro,Roman Catholic,"Fondue, Raclette, Tartiflette",French,"Winter (Dec-Mar) for skiing, Summer (Jun-Sept)",Medium-high,Generally safe,"A mountainous region offering skiing, hiking, and other outdoor activities.","A haven for outdoor enthusiasts, famous for its ski resorts and stunning alpine scenery.",moderate,general tourism,mountain range,summer
Vienna,Vienna,Austria,City,48.208171,16.373869,7.5 million,Euro,Roman Catholic,"Wiener Schnitzel, Sachertorte, Apfelstrudel",German,Spring (April-May) or Fall (Sept-Oct),Medium-high,Generally safe,"Known for its imperial palaces, classical music, and coffee houses.","A cultural capital with imperial architecture, famous museums, and vibrant cafe culture.",moderate,general tourism,city,spring
Salzburg,Salzburg,Austria,City,47.697994,13.040555,3 million,Euro,Roman Catholic,"Mozartkugel, Salzburger Nockerl, Kaiserschmarrn",German,Spring (April-May) or Fall (Sept-Oct),Medium-high,Generally safe,"The birthplace of Mozart, famous for its Baroque architecture and music festivals.","A city rich in history, music, and stunning Alpine surroundings, home to the Salzburg Festival.",less touristy,general tourism,city,spring
Innsbruck,Tyrol,Austria,City,47.269219,11.397277,2 million,Euro,Roman Catholic,"Tiroler Grstl, Kaiserschmarrn, Speck",German,"Winter (Dec-Mar) for skiing, Summer (Jun-Sept)",Medium-high,Generally safe,"A picturesque city in the Alps, known for skiing, hiking, and historic landmarks.","A gateway to the Austrian Alps, Innsbruck offers both historical charm and outdoor adventure.",less touristy,"historic, landmarks",city,summer
Hallstatt,Upper Austria,Austria,Town,47.556733,13.649528,1 million,Euro,Roman Catholic,"Kaiserschmarrn, Salzburger Nockerl, Wiener Schnitzel",German,Spring (April-May) or Fall (Sept-Oct),Medium-high,Generally safe,"Famous for its picturesque scenery, salt mines, and historic architecture.","A UNESCO World Heritage Site, Hallstatt is known for its stunning lakeside setting and history.",less touristy,historic,town,spring
Graz,Styria,Austria,City,47.070593,15.438261,1 million,Euro,Roman Catholic,"Backhendl, Krbiskernsuppe, Apfelstrudel",German,Spring (April-May) or Fall (Sept-Oct),Medium,Generally safe,"Known for its well-preserved Old Town, museums, and cultural festivals.","A city blending modern culture with historic architecture, featuring a vibrant arts scene.",less touristy,general tourism,city,spring
Zell am See,Salzburg,Austria,Town,47.516804,13.032121,"800,000",Euro,Roman Catholic,"Kaiserschmarrn, Wiener Schnitzel, Apfelstrudel",German,"Winter (Dec-Mar) for skiing, Summer (Jun-Sept)",Medium-high,Generally safe,A popular resort town known for its lakeside location and outdoor activities.,Zell am See offers breathtaking views of the Alps and a range of recreational activities.,moderate,general tourism,town,summer
Wachau Valley,Lower Austria,Austria,Valley,48.450263,15.433907,"500,000",Euro,Roman Catholic,"Wiener Schnitzel, Apfelstrudel, Heurigen",German,Spring (April-May) or Fall (Sept-Oct),Medium-high,Generally safe,"Famous for its vineyards, historic towns, and scenic beauty along the Danube River.","A UNESCO World Heritage Site, Wachau Valley is known for its wine production and castles.",moderate,historic,valley,spring
Bregenz,Vorarlberg,Austria,City,47.510488,9.741326,"400,000",Euro,Roman Catholic,"Ksknpfle, Rindsuppe, Apfelstrudel",German,Summer (Jun-Sept),Medium-high,Generally safe,"Located on Lake Constance, known for its festivals and beautiful scenery.","Bregenz is renowned for its lakeside festivals, including the famous Bregenz Festival on the lake.",moderate,general tourism,city,summer
Vienna Woods,Lower Austria,Austria,Forest,48.174456,16.220414,2 million,Euro,Roman Catholic,"Wiener Schnitzel, Apfelstrudel, Heurigen",German,Spring (April-May) or Fall (Sept-Oct),Medium-high,Generally safe,"A forested area near Vienna, popular for hiking and enjoying the outdoors.","Vienna Woods offers a natural escape from the city, with scenic hiking and biking trails.",less touristy,general tourism,forest,spring
Bad Gastein,Salzburg,Austria,Town,47.320594,13.426595,"200,000",Euro,Roman Catholic,"Kaiserschmarrn, Wiener Schnitzel, Apfelstrudel",German,"Winter (Dec-Mar) for skiing, Summer (Jun-Sept)",Medium-high,Generally safe,"A spa town known for its hot springs, skiing, and outdoor activities.","Bad Gastein is famous for its thermal baths, offering relaxation and wellness in the Alps.",moderate,general tourism,town,summer
Brussels,Brussels Capital,Belgium,City,50.850441,4.356949,10 million,Euro,Roman Catholic,"Waffles, Belgian Fries, Chocolate","Dutch, French",Spring (April-May) or Fall (Sept-Oct),Medium-high,"Generally safe, but watch out for pickpockets","The capital of Belgium and the EU, known for its Grand Place, Manneken Pis, and Atomium.","A political and cultural hub with impressive architecture, museums, and a vibrant arts scene.",moderate,capital city,city,spring
Bruges,West Flanders,Belgium,City,51.205937,3.210851,8 million,Euro,Roman Catholic,"Waffles, Belgian Fries, Chocolate","Dutch, French",Spring (April-May) or Fall (Sept-Oct),Medium-high,Generally safe,"A medieval city famous for its canals, cobblestone streets, and historic architecture.","A UNESCO World Heritage Site, known as the ""Venice of the North"" for its romantic canals and bridges.",moderate,"historic, historic",city,spring
Ghent,East Flanders,Belgium,City,51.057089,3.715678,5 million,Euro,Roman Catholic,"Waffles, Belgian Fries, Chocolate","Dutch, French",Spring (April-May) or Fall (Sept-Oct),Medium,Generally safe,"A historic city known for its medieval architecture, art museums, and vibrant cultural life.","Ghent is known for its rich history, including the famous Ghent Altarpiece and stunning medieval towers.",moderate,"historic, historic",city,spring
Antwerp,Antwerp,Belgium,City,51.223581,4.415875,4 million,Euro,Roman Catholic,"Waffles, Belgian Fries, Chocolate","Dutch, French",Spring (April-May) or Fall (Sept-Oct),Medium-high,Generally safe,"A port city known for its diamond industry, fashion, and Renaissance architecture.","Antwerp boasts a lively arts scene, historic squares, and is a global hub for the diamond trade.",less touristy,general tourism,city,spring
Leuven,Flemish Brabant,Belgium,City,50.872166,4.686716,2 million,Euro,Roman Catholic,"Waffles, Belgian Fries, Chocolate","Dutch, French",Spring (April-May) or Fall (Sept-Oct),Medium,Generally safe,"A university city known for its historic center, breweries, and student life.",Leuven is home to one of the oldest universities in Europe and is known for its lively atmosphere.,less touristy,historic,city,spring
Dinant,Namur,Belgium,Town,50.275573,5.024897,1 million,Euro,Roman Catholic,"Waffles, Belgian Fries, Chocolate",French,Spring (April-May) or Fall (Sept-Oct),Medium,Generally safe,"A picturesque town along the Meuse River, known for its citadel, saxophones, and scenic beauty.","Dinant is the birthplace of Adolphe Sax, inventor of the saxophone, and features striking riverside views.",less touristy,general tourism,town,spring
Ypres,West Flanders,Belgium,Town,50.841984,2.863538,"500,000",Euro,Roman Catholic,"Waffles, Belgian Fries, Chocolate","Dutch, French",Spring (April-May) or Fall (Sept-Oct),Medium,Generally safe,A historic town famous for its World War I history and the In Flanders Fields Museum.,"Ypres was the site of major WWI battles, now a center for remembrance with moving memorials.",moderate,historic,town,spring
Spa,Lige,Belgium,Town,50.451977,5.965836,"300,000",Euro,Roman Catholic,"Waffles, Belgian Fries, Chocolate",French,Spring (April-May) or Fall (Sept-Oct),Medium-high,Generally safe,"A spa town known for its mineral waters, thermal baths, and surrounding natural beauty.",The town of Spa gave its name to the concept of health spas and is famous for its healing waters.,moderate,general tourism,town,spring
Ostend,West Flanders,Belgium,City,51.333563,2.902675,"200,000",Euro,Roman Catholic,"Waffles, Belgian Fries, Chocolate","Dutch, French",Spring (April-May) or Fall (Sept-Oct),Medium,Generally safe,"A coastal city known for its beaches, seafood, and vibrant seafront promenade.","Ostend offers a combination of seaside relaxation, culture, and lively entertainment on the Belgian coast.",moderate,"beaches, beaches",city,spring
Namur,Namur,Belgium,City,50.467063,4.886067,"100,000",Euro,Roman Catholic,"Waffles, Belgian Fries, Chocolate",French,Spring (April-May) or Fall (Sept-Oct),Medium,Generally safe,"A historic city known for its impressive citadel, art museums, and scenic views.",Namur serves as the capital of Wallonia and offers rich history alongside beautiful riverside landscapes.,moderate,historic,city,spring
Copenhagen,Region Hovedstaden,Denmark,City,55.676098,12.568337,10 million,Danish krone (DKK),Protestant,"Sm?rrebr?d, Frikadeller, blekage",Danish,Spring (April-May) or Fall (Sept-Oct),High,Generally safe,"Known for its colorful architecture, charming canals, and vibrant culture.","Denmark's capital, famous for Nyhavn, the Little Mermaid statue, and a lively caf scene.",moderate,general tourism,city,spring
Aarhus,Region Midtjylland,Denmark,City,56.150947,10.217696,2.5 million,Danish krone (DKK),Protestant,"Sm?rrebr?d, Frikadeller, blekage",Danish,Spring (April-May) or Fall (Sept-Oct),Medium,Generally safe,"Known for its vibrant arts scene, beautiful parks, and historical sites.","Denmark's second-largest city, a cultural hub with museums, festivals, and university life.",less touristy,historic,city,spring
Odense,Region Syddanmark,Denmark,City,55.397081,10.395973,1.5 million,Danish krone (DKK),Protestant,"Sm?rrebr?d, Frikadeller, blekage",Danish,Spring (April-May) or Fall (Sept-Oct),Medium,Generally safe,"Birthplace of Hans Christian Andersen, known for its fairy-tale atmosphere.","A charming city with a strong literary history, scenic parks, and museums.",less touristy,general tourism,city,spring
Legoland Billund,Region Syddanmark,Denmark,Theme Park,55.709974,9.461622,2.5 million,Danish krone (DKK),Protestant,Danish cuisine,Danish,Summer (June-August),Medium-high,Generally safe,Famous for its LEGO-themed attractions and family-friendly activities.,"A top destination for families, with interactive rides and LEGO-themed adventures.",less touristy,general tourism,theme park,summer
Ribe,Region Syddanmark,Denmark,Town,55.200525,8.777081,"500,000",Danish krone (DKK),Protestant,"Sm?rrebr?d, Frikadeller, blekage",Danish,Spring (April-May) or Fall (Sept-Oct),Medium,Generally safe,"Denmark's oldest town, with Viking heritage and medieval architecture.",Ribe is a well-preserved historic town with Viking history and charming old streets.,moderate,historic,town,spring
Roskilde,Region Sjlland,Denmark,City,55.652853,12.091578,"500,000",Danish krone (DKK),Protestant,"Sm?rrebr?d, Frikadeller, blekage",Danish,Spring (April-May) or Fall (Sept-Oct),Medium,Generally safe,Famous for the Viking Ship Museum and its annual music festival.,Roskilde is a UNESCO site with a rich history and vibrant music culture.,moderate,general tourism,city,spring
Helsing?r,Region Hovedstaden,Denmark,City,56.033245,12.614037,"400,000",Danish krone (DKK),Protestant,"Sm?rrebr?d, Frikadeller, blekage",Danish,Spring (April-May) or Fall (Sept-Oct),Medium-high,Generally safe,"Known for Kronborg Castle, the setting for Shakespeare's Hamlet.",A coastal town with historic significance and stunning seaside views.,moderate,general tourism,city,spring
Aalborg,Region Nordjylland,Denmark,City,57.033361,9.920094,"300,000",Danish krone (DKK),Protestant,"Sm?rrebr?d, Frikadeller, blekage",Danish,Spring (April-May) or Fall (Sept-Oct),Medium,Generally safe,"Known for its vibrant nightlife, music scene, and historic center.",Aalborg offers a mix of modern culture and historical architecture.,moderate,"historic, nightlife",city,spring
Aarhus Botanical Garden,Region Midtjylland,Denmark,Garden,56.161243,10.224461,"100,000",Danish krone (DKK),Protestant,Danish cuisine,Danish,Spring (April-May) or Fall (Sept-Oct),Free,Generally safe,"A beautiful garden with a variety of plants, flowers, and greenhouses.","An oasis in the heart of Aarhus, perfect for nature lovers and families.",moderate,general tourism,garden,spring
Tivoli Gardens,Region Hovedstaden,Denmark,Amusement Park,55.683798,12.572936,4 million,Danish krone (DKK),Protestant,Danish cuisine,Danish,Spring (April-May) or Fall (Sept-Oct),Medium-high,Generally safe,"One of the world's oldest amusement parks, with rides and beautiful gardens.","Tivoli Gardens is a magical park with entertainment for all ages, especially in Copenhagen.",less touristy,general tourism,amusement park,spring
Berlin,Berlin,Germany,City,52.520008,13.404954,13.5 million,Euro,Protestant,"Currywurst, Bratwurst, Sauerkraut",German,Spring (April-May) or Fall (Sept-Oct),Medium-high,"Generally safe, but watch for pickpockets","The capital city known for its historical landmarks, vibrant nightlife, and arts scene.","Famous for the Brandenburg Gate, Berlin Wall, and rich cultural heritage.",touristy,"capital city, historic, nightlife, landmarks",city,spring
Munich,Bavaria,Germany,City,48.137152,11.576123,10 million,Euro,Protestant,"Weiáwurst, Brezn, Leberkse",German,Spring (April-May) or Fall (Sept-Oct),Medium-high,Generally safe,"A Bavarian city famous for its Oktoberfest, beer gardens, and historical architecture.","Known for its beer culture, historic Marienplatz, and beautiful English Garden.",moderate,historic,city,spring
Frankfurt,Hesse,Germany,City,50.110922,8.682127,7 million,Euro,Protestant,"Frankfurter Kranz, Apfelwein, Grne Soáe",German,Spring (April-May) or Fall (Sept-Oct),High,Generally safe,"A financial center known for its skyscrapers, museums, and historic Old Town.","Home to the European Central Bank, Goethe House, and impressive modern skyline.",moderate,historic,city,spring
Cologne,North Rhine-Westphalia,Germany,City,50.936662,6.959955,5 million,Euro,Protestant,"Klsch, Himmel un d, Sauerbraten",German,Spring (April-May) or Fall (Sept-Oct),Medium,Generally safe,"A historic city on the Rhine, known for its Gothic cathedral, chocolate, and museums.",The Cologne Cathedral is a UNESCO World Heritage site and one of Germany?s most iconic landmarks.,moderate,historic,city,spring
Hamburg,Hamburg,Germany,City,53.550278,9.993681,5 million,Euro,Protestant,"Fischbrtchen, Labskaus, Rote Grtze",German,Spring (April-May) or Fall (Sept-Oct),Medium-high,Generally safe,"A port city known for its harbor, Reeperbahn district, and maritime museum.","Hamburg boasts a lively arts scene, modern architecture, and historic Speicherstadt.",moderate,general tourism,city,spring
Dresden,Saxony,Germany,City,51.051005,13.737234,3 million,Euro,Protestant,"Dresdner Stollen, Eierschecke, Kartoffelsalat",German,Spring (April-May) or Fall (Sept-Oct),Medium,Generally safe,"A historic city known for its Baroque architecture, museums, and the Elbe River.","The city was heavily bombed in WWII but has been beautifully restored, with notable landmarks like the Zwinger Palace.",less touristy,historic,city,spring
Heidelberg,Baden-Wrttemberg,Germany,City,49.405154,8.691038,2 million,Euro,Protestant,"Ksesptzle, Maultaschen, Zwiebelrostbraten",German,Spring (April-May) or Fall (Sept-Oct),Medium-high,Generally safe,A picturesque city known for Heidelberg Castle and its charming Old Town.,"A romantic riverside city with a famous university, captivating castle, and cobblestone streets.",less touristy,general tourism,city,spring
Rothenburg ob der Tauber,Bavaria,Germany,Town,49.443589,10.090444,1 million,Euro,Protestant,"Ksesptzle, Maultaschen, Zwiebelrostbraten",German,Spring (April-May) or Fall (Sept-Oct),Medium,Generally safe,"A medieval town famous for its well-preserved walls, half-timbered houses, and Christmas markets.","A fairy-tale destination with cobblestone streets, medieval architecture, and vibrant festivals.",less touristy,historic,town,spring
Neuschwanstein Castle,Bavaria,Germany,Castle,47.557778,10.748611,1.5 million,Euro,Protestant,Bavarian cuisine,German,Spring (April-May) or Fall (Sept-Oct),Medium-high,Generally safe,"A fairytale castle built by King Ludwig II, known for its stunning architecture and scenic views.","One of the most famous castles in the world, inspiring Disney?s Cinderella Castle.",less touristy,general tourism,castle,spring
Black Forest,Baden-Wrttemberg,Germany,Region,48.180233,8.322533,5 million,Euro,Protestant,"Black Forest cake, Sptzle, Sauerkraut",German,Spring (April-May) or Fall (Sept-Oct),Medium-high,Generally safe,"A forested region known for its scenic landscapes, hiking trails, and traditional villages.","The Black Forest is renowned for its natural beauty, folklore, and cuckoo clocks.",moderate,general tourism,region,spring
Monaco-Ville,Monaco-Ville,Monaco,City,45.437078,7.426435,3 million,Euro,Roman Catholic,Mediterranean cuisine,"French, Mongasque",Spring (April-May) or Fall (Sept-Oct),Extremely high,Generally safe,Historic old town known for its Prince's Palace and Oceanographic Museum.,"Perched on a rocky promontory, Monaco-Ville offers stunning views and historic landmarks.",less touristy,historic,city,spring
Monte Carlo,Monaco-Ville,Monaco,District,45.437078,7.426435,3 million,Euro,Roman Catholic,Mediterranean cuisine,"French, Mongasque",Spring (April-May) or Fall (Sept-Oct),Extremely high,Generally safe,"Glamorous district known for casinos, luxury shops, and the Grand Prix.",Renowned for its vibrant nightlife and high-end attractions.,less touristy,general tourism,district,spring
Casino Square,Monaco-Ville,Monaco,Square,45.437078,7.426435,2 million,Euro,Roman Catholic,Mediterranean cuisine,"French, Mongasque",Spring (April-May) or Fall (Sept-Oct),Extremely high,Generally safe,Iconic square home to Casino de Monte-Carlo and Htel de Paris.,A hub of luxury and entertainment in Monte Carlo.,less touristy,general tourism,square,spring
Oceanographic Museum,Monaco-Ville,Monaco,Museum,45.437078,7.426435,1 million,Euro,Roman Catholic,Mediterranean cuisine,"French, Mongasque",Spring (April-May) or Fall (Sept-Oct),Medium,Generally safe,World-renowned aquarium and museum dedicated to marine biology.,Features stunning exhibits and panoramic views of the Mediterranean.,less touristy,general tourism,museum,spring
Japanese Garden,Monaco-Ville,Monaco,Garden,45.437078,7.426435,"500,000",Euro,Roman Catholic,Mediterranean cuisine,"French, Mongasque",Spring (April-May) or Fall (Sept-Oct),Free,Generally safe,Peaceful oasis with traditional Japanese gardens and koi ponds.,"A tranquil retreat in the heart of Monaco, offering a serene environment.",moderate,general tourism,garden,spring
Saint-Martin Gardens,Monaco-Ville,Monaco,Gardens,45.437078,7.426435,"300,000",Euro,Roman Catholic,Mediterranean cuisine,"French, Mongasque",Spring (April-May) or Fall (Sept-Oct),Free,Generally safe,Beautiful botanical garden with a variety of plants and sculptures.,Features a diverse range of plants and artistic sculptures.,moderate,general tourism,gardens,spring
Exotic Garden,Monaco-Ville,Monaco,Garden,45.437078,7.426435,"200,000",Euro,Roman Catholic,Mediterranean cuisine,"French, Mongasque",Spring (April-May) or Fall (Sept-Oct),Free,Generally safe,Botanical garden featuring cacti and exotic plants from around the world.,"Showcases a wide variety of cacti, succulents, and exotic flora.",moderate,general tourism,garden,spring
Rainier III Botanical Garden,Monaco-Ville,Monaco,Garden,45.437078,7.426435,"100,000",Euro,Roman Catholic,Mediterranean cuisine,"French, Mongasque",Spring (April-May) or Fall (Sept-Oct),Free,Generally safe,Botanical garden focusing on Mediterranean plants and flowers.,Offers a range of Mediterranean flora in a beautifully landscaped setting.,moderate,general tourism,garden,spring
Larvotto Beach,Monaco-Ville,Monaco,Beach,45.437078,7.426435,"100,000",Euro,Roman Catholic,Mediterranean cuisine,"French, Mongasque",Summer (June-September),Extremely high,Generally safe,"Popular beach along the Mediterranean Sea, ideal for sunbathing and swimming.",A prime location for beachgoers and water sports enthusiasts.,moderate,beaches,beach,summer
Grimaldi Forum,Monaco-Ville,Monaco,Cultural Center,45.437078,7.426435,"50,000",Euro,Roman Catholic,Mediterranean cuisine,"French, Mongasque",Year-round,Varies,Generally safe,"Cultural center hosting exhibitions, concerts, and conferences.",A major venue for cultural events and exhibitions in Monaco.,moderate,general tourism,cultural center,any season
Moscow,Moscow Oblast,Russia,City,55.755796,37.617315,12.5 million,Russian Ruble (RUB),Russian Orthodox,"Borscht, Pelmeni, Blini",Russian,Spring (May-June) or Fall (Sept-Oct),Medium-high,"Generally safe, but be aware of pickpockets","Capital city known for the Kremlin, Red Square, and St. Basil's Cathedral.",Russia's bustling capital with a rich history and impressive landmarks.,touristy,capital city,city,spring
St. Petersburg,Leningrad Oblast,Russia,City,59.934083,30.335285,8 million,Russian Ruble (RUB),Russian Orthodox,"Borscht, Pelmeni, Blini",Russian,Spring (May-June) or Fall (Sept-Oct),Medium-high,"Generally safe, but be aware of pickpockets","Historic city known for imperial palaces, canals, and museums.",Known for its stunning architecture and cultural heritage.,moderate,historic,city,spring
Sochi,Krasnodar Krai,Russia,City,43.565133,39.60304,3 million,Russian Ruble (RUB),Russian Orthodox,"Borscht, Pelmeni, Blini",Russian,Summer (June-August),Medium-high,"Generally safe, but be aware of pickpockets","Black Sea resort city known for beaches, mountains, and Olympic venues.",Popular destination for beachgoers and winter sports enthusiasts.,less touristy,"beaches, beaches",city,summer
Kazan,Republic of Tatarstan,Russia,City,55.794722,49.111389,2 million,Russian Ruble (RUB),"Muslim, Russian Orthodox","Borscht, Pelmeni, Blini","Russian, Tatar",Spring (May-June) or Fall (Sept-Oct),Medium,Generally safe,"Historic city with a diverse cultural heritage, including a Kremlin and mosques.",Known for its rich history and cultural diversity.,less touristy,historic,city,spring
Vladivostok,Primorsky Krai,Russia,City,43.565133,131.885929,1 million,Russian Ruble (RUB),Russian Orthodox,"Borscht, Pelmeni, Blini",Russian,Spring (May-June) or Fall (Sept-Oct),Medium-high,Generally safe,"Port city on the Pacific Ocean known for seafood, museums, and scenic views.",Offers stunning coastal landscapes and a unique cultural experience.,less touristy,general tourism,city,spring
Lake Baikal,Irkutsk Oblast,Russia,Lake,53.151074,105.257548,2.5 million,Russian Ruble (RUB),Russian Orthodox,"Borscht, Pelmeni, Blini",Russian,Summer (June-August),Medium,Generally safe,"World's deepest lake known for its natural beauty, wildlife, and outdoor activities.",A must-visit for nature enthusiasts and adventure seekers.,less touristy,general tourism,lake,summer
Kamchatka Peninsula,Kamchatka Krai,Russia,Peninsula,56.021562,158.624312,1 million,Russian Ruble (RUB),Russian Orthodox,"Borscht, Pelmeni, Blini",Russian,Summer (June-August),Medium-high,"Generally safe, but be aware of bears","Remote peninsula known for volcanoes, glaciers, and unique wildlife.",Offers dramatic landscapes and natural wonders.,less touristy,general tourism,peninsula,summer
Golden Ring,Central Russia,Russia,Region,56.021562,39.624312,10 million (region-wide),Russian Ruble (RUB),Russian Orthodox,"Borscht, Pelmeni, Blini",Russian,Spring (May-June) or Fall (Sept-Oct),Medium,Generally safe,Group of historic cities known for medieval architecture and cultural heritage.,A historic route offering insights into Russia's medieval past.,moderate,"historic, historic",region,spring
Trans-Siberian Railway,Russia,Russia,Railway,56.021562,105.624312,2 million (tourists),Russian Ruble (RUB),Russian Orthodox,"Borscht, Pelmeni, Blini",Russian,Summer (June-August),Medium-high,Generally safe,"Famous railway route spanning Russia, known for its scenic and cultural experiences.",An iconic journey showcasing Russia's vast landscapes and diverse cultures.,moderate,general tourism,railway,summer
St. Basil's Cathedral,Moscow,Russia,Church,55.755796,37.617315,2 million,Russian Ruble (RUB),Russian Orthodox,"Borscht, Pelmeni, Blini",Russian,Spring (May-June) or Fall (Sept-Oct),Free,Generally safe,Iconic cathedral known for its colorful domes and intricate architecture.,A symbol of Russia's rich cultural and religious heritage.,less touristy,general tourism,church,spring
Oslo,Oslo,Norway,City,59.913868,10.751964,2.5 million,Norwegian krone (NOK),Protestant,"Fish, Reindeer, Brunost",Norwegian,Spring (May-June) or Fall (Sept-Oct),High,Generally safe,"Capital city known for museums, parks, and cultural scene.","The capital city, known for its museums, parks, and vibrant cultural scene.",less touristy,capital city,city,spring
Bergen,Vestland,Norway,City,60.395186,5.324015,1.5 million,Norwegian krone (NOK),Protestant,"Fish, Reindeer, Brunost",Norwegian,Spring (May-June) or Fall (Sept-Oct),Medium-high,Generally safe,"Coastal city known for colorful houses, fish market, and scenic fjords.","A coastal city known for its colorful wooden houses, fish market, and scenic fjords.",less touristy,general tourism,city,spring
Sognefjord,Vestland,Norway,Fjord,61.006944,7.025278,1 million,Norwegian krone (NOK),Protestant,"Fish, Reindeer, Brunost",Norwegian,Spring (May-June) or Fall (Sept-Oct),Medium-high,Generally safe,"Longest fjord in Norway, offering stunning scenery and outdoor activities.","The longest fjord in Norway, offering stunning scenery and outdoor activities.",less touristy,general tourism,fjord,spring
Geirangerfjord,M?re og Romsdal,Norway,Fjord,62.103056,7.031389,"500,000",Norwegian krone (NOK),Protestant,"Fish, Reindeer, Brunost",Norwegian,Spring (May-June) or Fall (Sept-Oct),Medium-high,Generally safe,"UNESCO World Heritage Site with towering cliffs, waterfalls, and scenic beauty.","A UNESCO World Heritage Site, famous for its towering cliffs, waterfalls, and scenic beauty.",moderate,UNESCO heritage,fjord,spring
Lofoten Islands,Nordland,Norway,Islands,68.005472,13.033294,"500,000",Norwegian krone (NOK),Protestant,"Fish, Reindeer, Brunost",Norwegian,Spring (May-June) or Fall (Sept-Oct),Medium-high,Generally safe,"Islands known for dramatic landscapes, fishing villages, and Northern Lights.","A group of islands known for their dramatic landscapes, fishing villages, and Northern Lights.",moderate,island,islands,spring
Troms?,Troms,Norway,City,69.649328,18.955689,"300,000",Norwegian krone (NOK),Protestant,"Fish, Reindeer, Brunost",Norwegian,Spring (May-June) or Fall (Sept-Oct),Medium-high,Generally safe,"Northernmost city in Norway, known for Arctic Circle location and Northern Lights.","The northernmost city in Norway, known for its Arctic Circle location and Northern Lights.",moderate,general tourism,city,spring
Jotunheimen National Park,Innlandet,Norway,National Park,61.357778,8.322533,"200,000",Norwegian krone (NOK),Protestant,"Fish, Reindeer, Brunost",Norwegian,Summer (June-August),Medium-high,Generally safe,"National park known for glaciers, hiking trails, and wildlife.","A national park in the Norwegian mountains, known for its glaciers, hiking trails, and wildlife.",moderate,general tourism,national park,summer
Hardangervidda National Park,Vestland,Norway,National Park,60.769653,7.333111,"100,000",Norwegian krone (NOK),Protestant,"Fish, Reindeer, Brunost",Norwegian,Summer (June-August),Medium-high,Generally safe,"National park known for reindeer, hiking trails, and winter sports.","A national park in the Hardangervidda plateau, known for its reindeer, hiking trails, and winter sports.",moderate,general tourism,national park,summer
Preikestolen,Rogaland,Norway,Cliff,59.395186,5.930833,"300,000",Norwegian krone (NOK),Protestant,"Fish, Reindeer, Brunost",Norwegian,Summer (June-August),Medium-high,Generally safe,Famous cliff offering stunning panoramic views over a fjord.,"A famous cliff overlooking a fjord, offering stunning panoramic views.",moderate,general tourism,cliff,summer
Flm,Vestland,Norway,Village,60.730556,7.024444,"50,000",Norwegian krone (NOK),Protestant,"Fish, Reindeer, Brunost",Norwegian,Summer (June-August),Medium-high,Generally safe,Picturesque village known for its scenic train journey and fjord cruises.,"A picturesque village at the end of the Flm Valley, known for its scenic train journey and fjord cruises.",moderate,general tourism,village,summer
Stockholm,Stockholm County,Sweden,City,59.329302,18.068581,2.5 million,Swedish krona (SEK),Protestant,"Kttbullar, Fika, Jansson's Temptation",Swedish,Spring (May-June) or Fall (Sept-Oct),Medium-high,Generally safe,"Capital city known for archipelago, museums, and vibrant culture.","The capital city, known for its archipelago, museums, and vibrant culture.",less touristy,capital city,city,spring
Gothenburg,Vstra Gtaland County,Sweden,City,57.708863,11.973339,1.5 million,Swedish krona (SEK),Protestant,"Kttbullar, Fika, Jansson's Temptation",Swedish,Spring (May-June) or Fall (Sept-Oct),Medium,Generally safe,"Sweden's second-largest city, known for harbor, museums, and nightlife.","Sweden's second-largest city, known for its harbor, museums, and vibrant nightlife.",less touristy,nightlife,city,spring
Malm,Skne County,Sweden,City,55.609934,13.007758,1 million,Swedish krona (SEK),Protestant,"Kttbullar, Fika, Jansson's Temptation",Swedish,Spring (May-June) or Fall (Sept-Oct),Medium,Generally safe,"Coastal city known for modern architecture, museums, and arts scene.","A coastal city known for its modern architecture, museums, and vibrant arts scene.",less touristy,general tourism,city,spring
Lapland,Norrbotten County,Sweden,Region,67.005472,20.033294,"500,000",Swedish krona (SEK),Protestant,"Kttbullar, Fika, Jansson's Temptation",Swedish,"Winter (Dec-Mar) for Northern Lights, Summer (Jun-Aug) for hiking",Medium-high,Generally safe,"Northernmost region, known for Arctic landscapes, Northern Lights, and reindeer.","The northernmost region of Sweden, known for its Arctic landscapes, Northern Lights, and reindeer.",moderate,general tourism,region,summer
Fjllbacka,Vstra Gtaland County,Sweden,Town,58.026014,11.464321,"200,000",Swedish krona (SEK),Protestant,"Kttbullar, Fika, Jansson's Temptation",Swedish,Spring (May-June) or Fall (Sept-Oct),Medium-high,Generally safe,Charming coastal town with colorful houses and seafood restaurants.,"A charming coastal town known for its colorful houses, seafood restaurants, and scenic beauty.",moderate,general tourism,town,spring
Visby,Gotland County,Sweden,City,57.744674,18.285443,"200,000",Swedish krona (SEK),Protestant,"Kttbullar, Fika, Jansson's Temptation",Swedish,Spring (May-June) or Fall (Sept-Oct),Medium-high,Generally safe,Medieval walled city known for ruins and summer festivals.,"A medieval walled city on the island of Gotland, known for its ruins, cobblestone streets, and summer festivals.",moderate,historic,city,spring
Uppsala,Uppsala County,Sweden,City,59.858134,17.638943,"150,000",Swedish krona (SEK),Protestant,"Kttbullar, Fika, Jansson's Temptation",Swedish,Spring (May-June) or Fall (Sept-Oct),Medium,Generally safe,"University city known for cathedral, castle, and museums.","A university city known for its cathedral, castle, and museums.",moderate,general tourism,city,spring
Kiruna,Norrbotten County,Sweden,City,67.853244,20.236394,"100,000",Swedish krona (SEK),Protestant,"Kttbullar, Fika, Jansson's Temptation",Swedish,Spring (May-June) or Fall (Sept-Oct),Medium-high,Generally safe,"Northernmost city, known for mining industry and winter activities.","The northernmost city in Sweden, located above the Arctic Circle, and known for its mining industry and winter activities.",moderate,general tourism,city,spring
Sarek National Park,Norrbotten County,Sweden,National Park,67.517222,17.522778,"50,000",Swedish krona (SEK),Protestant,"Kttbullar, Fika, Jansson's Temptation",Swedish,Summer (Jun-Aug),Medium-high,Generally safe,"National park known for glaciers, hiking trails, and wildlife.","A national park in the Swedish mountains, known for its glaciers, hiking trails, and wildlife.",moderate,general tourism,national park,summer
Vasa Museum,Stockholm County,Sweden,Museum,59.329302,18.068581,1 million,Swedish krona (SEK),Protestant,"Kttbullar, Fika, Jansson's Temptation",Swedish,Year-round,Medium,Generally safe,Maritime museum featuring a preserved 17th-century warship.,"A maritime museum featuring a preserved 17th-century warship, the Vasa.",less touristy,general tourism,museum,any season
Zurich,Zurich,Switzerland,City,47.376881,8.541694,3 million,Swiss franc (CHF),Protestant,"Fondue, Rsti, Raclette","German, French, Italian",Spring (Apr-May) or Fall (Sep-Oct),High,Generally safe,"Largest city known for finance, museums, and lakefront.","The largest city in Switzerland, known for its financial district, museums, and beautiful lakefront.",less touristy,general tourism,city,spring
Geneva,Geneva,Switzerland,City,46.204391,6.147435,2 million,Swiss franc (CHF),Protestant,"Fondue, Rsti, Raclette","French, German",Spring (Apr-May) or Fall (Sep-Oct),High,Generally safe,Cosmopolitan city known for international organizations and scenic beauty.,"A cosmopolitan city on Lake Geneva, known for its international organizations, museums, and beautiful scenery.",less touristy,general tourism,city,spring
Lucerne,Central Switzerland,Switzerland,City,47.051389,8.306944,1.5 million,Swiss franc (CHF),Roman Catholic,"Fondue, Rsti, Raclette","German, French",Spring (Apr-May) or Fall (Sep-Oct),Medium-high,Generally safe,Picturesque city known for historic center and lake.,"A picturesque city on Lake Lucerne, known for its historic center, Chapel Bridge, and Lion Monument.",less touristy,historic,city,spring
Interlaken,Bern,Switzerland,Town,46.680278,7.855833,1 million,Swiss franc (CHF),Protestant,"Fondue, Rsti, Raclette","German, French",Spring (Apr-May) or Fall (Sep-Oct),Medium-high,Generally safe,Popular resort town known for outdoor activities.,"A popular resort town in the Bernese Alps, known for its outdoor activities like hiking, skiing, and paragliding.",less touristy,general tourism,town,spring
Zermatt,Valais,Switzerland,Town,46.051389,7.7025,"500,000",Swiss franc (CHF),Roman Catholic,"Fondue, Rsti, Raclette","German, French","Winter (Dec-Mar) for skiing, Summer (Jun-Sep) for hiking",High,Generally safe,Car-free town known for Matterhorn and skiing.,"A car-free town in the Swiss Alps, known for its Matterhorn peak, skiing, and hiking.",moderate,general tourism,town,summer
Jungfraujoch,Bern,Switzerland,Mountain Pass,46.538056,7.986944,"350,000",Swiss franc (CHF),Protestant,"Fondue, Rsti, Raclette","German, French",Year-round,High,Generally safe,Highest railway station in Europe with panoramic views.,"The highest railway station in Europe, offering panoramic views of the Swiss Alps.",moderate,general tourism,mountain pass,any season
Rhine Falls,Schaffhausen,Switzerland,Waterfall,47.567778,8.675556,1 million,Swiss franc (CHF),Protestant,"Fondue, Rsti, Raclette","German, French",Spring (Apr-May) or Fall (Sep-Oct),Medium,Generally safe,Europe's largest waterfall with stunning views.,"Europe's largest waterfall, offering stunning views and boat tours.",less touristy,general tourism,waterfall,spring
Swiss National Park,Grisons,Switzerland,National Park,46.576667,10.014722,"100,000",Swiss franc (CHF),Protestant,"Fondue, Rsti, Raclette","German, French",Summer (Jun-Aug),Medium-high,Generally safe,Switzerland's only national park with diverse wildlife.,"Switzerland's only national park, known for its diverse wildlife, hiking trails, and stunning scenery.",moderate,general tourism,national park,summer
Gruyres,Fribourg,Switzerland,Town,46.522222,7.034722,"50,000",Swiss franc (CHF),Roman Catholic,"Fondue, Rsti, Raclette","French, German",Spring (Apr-May) or Fall (Sep-Oct),Medium-high,Generally safe,Medieval town known for Gruyre cheese and castle.,"A charming medieval town known for its Gruyre cheese, castle, and chocolate factory.",moderate,historic,town,spring
Montreux,Vaud,Switzerland,Town,46.520278,6.923611,"100,000",Swiss franc (CHF),Protestant,"Fondue, Rsti, Raclette","French, German",Spring (Apr-May) or Fall (Sep-Oct),Medium-high,Generally safe,Known for jazz festival and scenic vineyards.,"A town on Lake Geneva, known for its jazz festival, vineyards, and beautiful scenery.",moderate,general tourism,town,spring
Istanbul,Istanbul,Turkey,City,41.008238,28.978359,15 million,Turkish lira (TRY),Muslim,"Kebab, Baklava, Dolma",Turkish,Spring (Apr-May) or Fall (Sep-Oct),Medium-high,"Generally safe, but be aware of pickpockets",Historic city straddling Europe and Asia with significant landmarks.,"A historic city straddling Europe and Asia, known for its Hagia Sophia, Blue Mosque, and Grand Bazaar.",touristy,"historic, landmarks",city,spring
Antalya,Antalya,Turkey,City,36.522512,30.703761,10 million,Turkish lira (TRY),Muslim,"Kebab, Baklava, Dolma",Turkish,Spring (Apr-May) or Fall (Sep-Oct),Medium-high,Generally safe,Popular coastal city with beaches and ancient ruins.,"A popular coastal city known for its beaches, ancient ruins, and vibrant nightlife.",moderate,"beaches, beaches",city,spring
Cappadocia,Central Anatolia,Turkey,Region,38.711845,35.156845,2 million,Turkish lira (TRY),Muslim,"Kebab, Baklava, Dolma",Turkish,Spring (Apr-May) or Fall (Sep-Oct),Medium-high,Generally safe,Unique region known for fairy chimneys and hot air balloons.,"A unique region known for its fairy chimneys, underground cities, and hot air balloon rides.",less touristy,general tourism,region,spring
Ephesus,Aegean Region,Turkey,Archaeological Site,37.742778,27.391667,1.5 million,Turkish lira (TRY),Muslim,"Kebab, Baklava, Dolma",Turkish,Spring (Apr-May) or Fall (Sep-Oct),Medium,Generally safe,Well-preserved ancient Greek city with significant ruins.,"A well-preserved ancient Greek city, known for its Library of Celsus and Temple of Artemis.",less touristy,general tourism,archaeological site,spring
Pamukkale,Aegean Region,Turkey,Natural Site,37.779722,29.0825,1 million,Turkish lira (TRY),Muslim,"Kebab, Baklava, Dolma",Turkish,Spring (Apr-May) or Fall (Sep-Oct),Medium,Generally safe,UNESCO World Heritage Site with white travertine terraces.,A UNESCO World Heritage Site featuring white travertine terraces and hot springs.,less touristy,UNESCO heritage,natural site,spring
Bodrum,Aegean Region,Turkey,Town,37.134596,27.384188,1 million,Turkish lira (TRY),Muslim,"Kebab, Baklava, Dolma",Turkish,Spring (Apr-May) or Fall (Sep-Oct),Medium-high,Generally safe,Coastal town known for beaches and ancient ruins.,"A popular coastal town known for its beaches, nightlife, and ancient ruins.",less touristy,"beaches, beaches",town,spring
Fethiye,Aegean Region,Turkey,Town,36.686944,28.9575,"500,000",Turkish lira (TRY),Muslim,"Kebab, Baklava, Dolma",Turkish,Spring (Apr-May) or Fall (Sep-Oct),Medium-high,Generally safe,Coastal town with beaches and boat trips to islands.,"A coastal town known for its beaches, ancient ruins, and boat trips to nearby islands.",moderate,"beaches, beaches, island",town,spring
Istanbul Grand Bazaar,Istanbul,Turkey,Bazaar,41.008238,28.978359,10 million,Turkish lira (TRY),Muslim,"Kebab, Baklava, Dolma",Turkish,Year-round,Medium-high,Generally safe,One of the world's largest covered bazaars with diverse goods.,"One of the world's largest covered bazaars, offering a wide variety of goods and souvenirs.",moderate,general tourism,bazaar,any season
Topkapi Palace,Istanbul,Turkey,Palace,41.008238,28.978359,5 million,Turkish lira (TRY),Muslim,"Kebab, Baklava, Dolma",Turkish,Year-round,Medium-high,Generally safe,Former Ottoman palace now a museum showcasing history.,"A former palace of the Ottoman Empire, now a museum showcasing its rich history and artifacts.",moderate,general tourism,palace,any season
Blue Mosque,Istanbul,Turkey,Mosque,41.008238,28.978359,2 million,Turkish lira (TRY),Muslim,"Kebab, Baklava, Dolma",Turkish,Year-round,Free,Generally safe,Beautiful mosque known for blue Iznik tiles and architecture.,A beautiful mosque known for its blue Iznik tiles and impressive architecture.,less touristy,general tourism,mosque,any season
Kyiv,Kyiv Oblast,Ukraine,City,50.45466,30.523842,3.5 million,Ukrainian hryvnia (UAH),Ukrainian Orthodox,"Borscht, Varenyky, Salo",Ukrainian,Spring (May-June) or Fall (Sep-Oct),Medium-high,"Generally safe, but be aware of ongoing conflict",Capital city known for historic architecture and vibrant culture.,"The capital city, known for its historic architecture, museums, and vibrant culture.",less touristy,"capital city, historic",city,spring
Lviv,Lviv Oblast,Ukraine,City,49.839973,23.989223,2 million,Ukrainian hryvnia (UAH),Ukrainian Orthodox,"Borscht, Varenyky, Salo",Ukrainian,Spring (May-June) or Fall (Sep-Oct),Medium,Generally safe,Historic city known for medieval architecture and lively atmosphere.,"A historic city known for its medieval architecture, coffee shops, and vibrant atmosphere.",less touristy,"historic, historic",city,spring
Odessa,Odesa Oblast,Ukraine,City,46.483333,30.733333,1 million,Ukrainian hryvnia (UAH),Ukrainian Orthodox,"Borscht, Varenyky, Salo",Ukrainian,Spring (May-June) or Fall (Sep-Oct),Medium,"Generally safe, but be aware of potential risks",Coastal city known for beaches and vibrant nightlife.,"A coastal city on the Black Sea, known for its beaches, opera house, and vibrant nightlife.",less touristy,"beaches, beaches, nightlife",city,spring
Chernobyl Exclusion Zone,Kyiv Oblast,Ukraine,Site,51.384222,30.109722,"100,000",Ukrainian hryvnia (UAH),Ukrainian Orthodox,"Borscht, Varenyky, Salo",Ukrainian,Spring (May-June) or Fall (Sep-Oct),Medium,Restricted access,Notable for dark tourism and wildlife observation.,"A former nuclear power plant site and surrounding area, now a popular destination for dark tourism and wildlife observation.",moderate,general tourism,site,spring
Carpathian Mountains,Carpathian Mountains,Ukraine,Mountains,48.0,24.0,"500,000",Ukrainian hryvnia (UAH),Ukrainian Orthodox,"Borscht, Varenyky, Salo",Ukrainian,Summer (Jun-Aug),Medium-high,Generally safe,"Known for beautiful scenery, hiking, and winter sports.","A mountain range known for its beautiful scenery, hiking trails, and winter sports.",moderate,general tourism,mountains,summer
Kharkiv,Kharkiv Oblast,Ukraine,City,50.0,36.25,"500,000",Ukrainian hryvnia (UAH),Ukrainian Orthodox,"Borscht, Varenyky, Salo",Ukrainian,Spring (May-June) or Fall (Sep-Oct),Medium,"Generally safe, but be aware of potential risks",Major city known for universities and parks.,"A large city in eastern Ukraine, known for its universities, museums, and parks.",moderate,general tourism,city,spring
Dnipro,Dnipropetrovsk Oblast,Ukraine,City,48.461667,34.976667,"500,000",Ukrainian hryvnia (UAH),Ukrainian Orthodox,"Borscht, Varenyky, Salo",Ukrainian,Spring (May-June) or Fall (Sep-Oct),Medium,"Generally safe, but be aware of potential risks",Important industrial city with historical sites.,"A city on the Dnieper River, known for its industrial importance and historical sites.",moderate,historic,city,spring
Lviv Opera House,Lviv,Ukraine,Opera House,49.839973,23.989223,"100,000",Ukrainian hryvnia (UAH),Ukrainian Orthodox,"Borscht, Varenyky, Salo",Ukrainian,Year-round,Medium,Generally safe,Beautiful opera house with rich history.,A beautiful opera house with a rich history and cultural significance.,moderate,general tourism,opera house,any season
Andriyivski Descent,Kyiv,Ukraine,Street,50.45466,30.523842,"100,000",Ukrainian hryvnia (UAH),Ukrainian Orthodox,"Borscht, Varenyky, Salo",Ukrainian,Year-round,Medium,Generally safe,Historic street known for colorful houses and shops.,"A historic street in Kyiv, known for its colorful houses, shops, and restaurants.",moderate,historic,street,any season
Pechersk Lavra,Kyiv,Ukraine,Monastery,50.463333,30.512222,"100,000",Ukrainian hryvnia (UAH),Ukrainian Orthodox,"Borscht, Varenyky, Salo",Ukrainian,Year-round,Medium,Generally safe,Large Orthodox monastery with beautiful churches.,"A large Orthodox monastery complex with beautiful churches, gardens, and caves.",moderate,general tourism,monastery,any season
London,Greater London,United Kingdom,City,51.507351,-0.127758,25 million,British Pound Sterling (GBP),Christian (Anglican),"Fish and chips, Sunday roast, Afternoon tea",English,Spring (April-May) or Fall (Sep-Oct),High,"Generally safe, but be aware of pickpockets","The capital city, known for its Buckingham Palace, Big Ben, and Tower of London.","The capital city, known for its Buckingham Palace, Big Ben, and Tower of London.",touristy,capital city,city,spring
Edinburgh,Scotland,United Kingdom,City,55.953252,-3.188267,3 million,British Pound Sterling (GBP),Christian (Presbyterian),"Haggis, Scotch whisky, Shortbread","English, Scottish Gaelic",Spring (April-May) or Fall (Sep-Oct),Medium-high,Generally safe,"The capital of Scotland, known for its medieval castle and vibrant festivals.","The capital of Scotland, known for its medieval castle, historic Old Town, and vibrant festivals.",less touristy,"capital city, historic",city,spring
Manchester,England,United Kingdom,City,53.480958,-2.241509,2 million,British Pound Sterling (GBP),Christian (Anglican),"Fish and chips, Sunday roast, Afternoon tea",English,Spring (April-May) or Fall (Sep-Oct),Medium-high,Generally safe,"Known for its football teams, music scene, and industrial heritage.","A major city known for its football teams, music scene, and industrial heritage.",less touristy,general tourism,city,spring
Liverpool,England,United Kingdom,City,53.408371,-2.987576,1.5 million,British Pound Sterling (GBP),Christian (Anglican),"Fish and chips, Sunday roast, Afternoon tea",English,Spring (April-May) or Fall (Sep-Oct),Medium-high,Generally safe,"Known for its Beatles heritage, museums, and waterfront.","A coastal city known for its Beatles heritage, museums, and waterfront.",less touristy,general tourism,city,spring
Cambridge,England,United Kingdom,City,52.204772,0.120972,1 million,British Pound Sterling (GBP),Christian (Anglican),"Fish and chips, Sunday roast, Afternoon tea",English,Spring (April-May) or Fall (Sep-Oct),Medium-high,Generally safe,"Known for its historic colleges, museums, and botanic gardens.","A university city known for its historic colleges, museums, and botanic gardens.",less touristy,historic,city,spring
Lake District,England,United Kingdom,National Park,54.364158,-3.083333,2 million,British Pound Sterling (GBP),Christian (Anglican),"Fish and chips, Sunday roast, Afternoon tea",English,Spring (April-May) or Fall (Sep-Oct),Medium-high,Generally safe,"Known for its lakes, mountains, and hiking trails.","A scenic region known for its lakes, mountains, and hiking trails.",less touristy,general tourism,national park,spring
Yorkshire Dales,England,United Kingdom,National Park,54.057778,-1.988889,1 million,British Pound Sterling (GBP),Christian (Anglican),"Fish and chips, Sunday roast, Afternoon tea",English,Spring (April-May) or Fall (Sep-Oct),Medium-high,Generally safe,"Known for its rolling hills, limestone cliffs, and picturesque villages.","A national park known for its rolling hills, limestone cliffs, and picturesque villages.",less touristy,general tourism,national park,spring
The Cotswolds,England,United Kingdom,Region,51.793333,-1.875,1 million,British Pound Sterling (GBP),Christian (Anglican),"Fish and chips, Sunday roast, Afternoon tea",English,Spring (April-May) or Fall (Sep-Oct),Medium-high,Generally safe,"Known for its picturesque villages, rolling hills, and historic architecture.","A scenic region known for its picturesque villages, rolling hills, and historic architecture.",less touristy,historic,region,spring
Stonehenge,Wiltshire,United Kingdom,Prehistoric Site,51.1775,-1.996167,1 million,British Pound Sterling (GBP),Christian (Anglican),"Fish and chips, Sunday roast, Afternoon tea",English,Spring (April-May) or Fall (Sep-Oct),Medium-high,Generally safe,Known for its mysterious stone circles.,A prehistoric monument known for its mysterious stone circles.,less touristy,general tourism,prehistoric site,spring
Scottish Highlands,Scotland,United Kingdom,Region,57.051528,-4.213333,1 million,British Pound Sterling (GBP),Christian (Presbyterian),"Haggis, Scotch whisky, Shortbread","English, Scottish Gaelic",Spring (April-May) or Fall (Sep-Oct),Medium-high,Generally safe,"Known for its stunning scenery, hiking trails, and wildlife.","A mountainous region known for its stunning scenery, hiking trails, and wildlife.",less touristy,general tourism,region,spring
Luxembourg City,Luxembourg District,Luxembourg,City,49.611668,6.130237,1.5 million,Euro (EUR),Roman Catholic,"Judd mat Gaardebounen, Knppchen, Riesling","Luxembourgish, French, German",Spring (April-May) or Fall (Sep-Oct),Medium-high,Generally safe,"The capital city, known for its medieval fortifications, picturesque streets, and museums.","The capital city, known for its medieval fortifications, picturesque streets, and museums.",less touristy,"capital city, historic",city,spring
Vianden,Vianden,Luxembourg,Town,49.923611,6.25,"500,000",Euro (EUR),Roman Catholic,"Judd mat Gaardebounen, Knppchen, Riesling","Luxembourgish, French, German",Spring (April-May) or Fall (Sep-Oct),Medium-high,Generally safe,"A charming town with a medieval castle, picturesque streets, and beautiful scenery.","A charming town with a medieval castle, picturesque streets, and beautiful scenery.",moderate,historic,town,spring
Esch-sur-Alzette,Esch-sur-Alzette,Luxembourg,City,49.517222,5.964444,"300,000",Euro (EUR),Roman Catholic,"Judd mat Gaardebounen, Knppchen, Riesling","Luxembourgish, French, German",Spring (April-May) or Fall (Sep-Oct),Medium,Generally safe,"A major industrial city known for its museums, parks, and shopping.","A major industrial city known for its museums, parks, and shopping.",moderate,general tourism,city,spring
Luxembourg American Cemetery and Memorial,Luxembourg,Luxembourg,Memorial,49.476944,6.024444,"100,000",Euro (EUR),Roman Catholic,"Judd mat Gaardebounen, Knppchen, Riesling","Luxembourgish, French, German",Year-round,Free,Generally safe,A memorial site honoring American soldiers who died in World War II.,A memorial site honoring American soldiers who died in World War II.,moderate,general tourism,memorial,any season
Mullerthal,Mullerthal,Luxembourg,Region,49.752778,6.576667,"50,000",Euro (EUR),Roman Catholic,"Judd mat Gaardebounen, Knppchen, Riesling","Luxembourgish, French, German",Spring (April-May) or Fall (Sep-Oct),Medium,Generally safe,"A picturesque region known for its waterfalls, hiking trails, and natural beauty.","A picturesque region known for its waterfalls, hiking trails, and natural beauty.",moderate,general tourism,region,spring
Beaufort Castle,Beaufort,Luxembourg,Castle,49.836667,6.522222,"50,000",Euro (EUR),Roman Catholic,"Judd mat Gaardebounen, Knppchen, Riesling","Luxembourgish, French, German",Spring (April-May) or Fall (Sep-Oct),Medium,Generally safe,"A medieval castle perched on a hilltop, offering stunning views of the surrounding countryside.","A medieval castle perched on a hilltop, offering stunning views of the surrounding countryside.",moderate,historic,castle,spring
Vianden Castle,Vianden,Luxembourg,Castle,49.923611,6.25,"50,000",Euro (EUR),Roman Catholic,"Judd mat Gaardebounen, Knppchen, Riesling","Luxembourgish, French, German",Spring (April-May) or Fall (Sep-Oct),Medium,Generally safe,"A medieval castle overlooking the town of Vianden, known for its picturesque setting and historical significance.","A medieval castle overlooking the town of Vianden, known for its picturesque setting and historical significance.",moderate,"historic, historic",castle,spring
Grund,Luxembourg City,Luxembourg,Neighborhood,49.605556,6.127778,"50,000",Euro (EUR),Roman Catholic,"Judd mat Gaardebounen, Knppchen, Riesling","Luxembourgish, French, German",Spring (April-May) or Fall (Sep-Oct),Medium-high,Generally safe,"A charming neighborhood along the Alzette River, known for its restaurants, bars, and bohemian atmosphere.","A charming neighborhood along the Alzette River, known for its restaurants, bars, and bohemian atmosphere.",moderate,general tourism,neighborhood,spring
Bettembourg,Bettembourg,Luxembourg,Town,49.505556,6.044444,"25,000",Euro (EUR),Roman Catholic,"Judd mat Gaardebounen, Knppchen, Riesling","Luxembourgish, French, German",Spring (April-May) or Fall (Sep-Oct),Medium,Generally safe,"A small town known for its historic center, museums, and parks.","A small town known for its historic center, museums, and parks.",moderate,historic,town,spring
